[
  {
    "email": "manavsharma04978@gmail.com",
    "balance": "1500000",
    "portfolio_value": 0,
    "Net_worth": 1500000
  },
  {
    "email": "hiten_nottoconsider@gmail.com",
    "balance": "1500000",
    "portfolio_value": 0,
    "Net_worth": 1500000
  },
  {
    "email": "mokshgupta677@gmail.com",
    "balance": "114070.5",
    "portfolio_value": 1503974,
    "Net_worth": 1618044.5
  },
  {
    "email": "kinjalkarwa@gmail.com",
    "balance": "1232355.8",
    "portfolio_value": 296662,
    "Net_worth": 1529017.8
  },
  {
    "email": "pvok1331@gmail.com",
    "balance": "128085.5",
    "portfolio_value": 1504406,
    "Net_worth": 1632491.5
  },
  {
    "email": "devanshshukla122@gmail.com",
    "balance": "107829.1",
    "portfolio_value": 1517578,
    "Net_worth": 1625407.1
  },
  {
    "email": "goyalkanha108@gmail.com",
    "balance": "267774.3",
    "portfolio_value": 1256673,
    "Net_worth": 1524447.3
  },
  {
    "email": "ankit24420@gmail.com",
    "balance": "134000",
    "portfolio_value": 1423600,
    "Net_worth": 1557600
  },
  {
    "email": "devanshisharma.slg1@gmail.com",
    "balance": "428723.5",
    "portfolio_value": 1188595,
    "Net_worth": 1617318.5
  },
  {
    "email": "sarangofficial64@gmail.com",
    "balance": "88951.3",
    "portfolio_value": 1486713,
    "Net_worth": 1575664.3
  },
  {
    "email": "sakshamgupta5p@gmail.com",
    "balance": "140913.4",
    "portfolio_value": 1526099,
    "Net_worth": 1667012.4
  },
  {
    "email": "abhigoel169@gmail.com",
    "balance": "523683",
    "portfolio_value": 1056104,
    "Net_worth": 1579787
  },
  {
    "email": "rachitjhajhria@gmail.com",
    "balance": "244550",
    "portfolio_value": 1313500,
    "Net_worth": 1558050
  },
  {
    "email": "snigdhaj2403@gmail.com",
    "balance": "769875.7",
    "portfolio_value": 733529,
    "Net_worth": 1503404.7
  },
  {
    "email": "Aroravanshika2005@gmail.com",
    "balance": "523568.7",
    "portfolio_value": 963226,
    "Net_worth": 1486794.7
  },
  {
    "email": "tejaskumawat586@gmail.com",
    "balance": "121567.3",
    "portfolio_value": 1442605,
    "Net_worth": 1564172.3
  },
  {
    "email": "aarushi.vibu93@gmail.com",
    "balance": "371476.5",
    "portfolio_value": 1244010,
    "Net_worth": 1615486.5
  },
  {
    "email": "prithika.deb2050@gmail.com",
    "balance": "1183541.2",
    "portfolio_value": 331776,
    "Net_worth": 1515317.2
  },
  {
    "email": "pandeykunal404@gmail.com",
    "balance": "1022266",
    "portfolio_value": 622310,
    "Net_worth": 1644576
  },
  {
    "email": "Munjaldaksh81@gmail.com",
    "balance": "84454.7",
    "portfolio_value": 1569429,
    "Net_worth": 1653883.7
  },
  {
    "email": "gadia.harsh@gmail.com",
    "balance": "405485",
    "portfolio_value": 1252500,
    "Net_worth": 1657985
  },
  {
    "email": "bhagatgopal0303@gmail.com",
    "balance": "62745",
    "portfolio_value": 1539812,
    "Net_worth": 1602557
  },
  {
    "email": "nishikasahani25@gmail.com",
    "balance": "711379.1",
    "portfolio_value": 794999,
    "Net_worth": 1506378.1
  },
  {
    "email": "pratik.ag42@gmail.com",
    "balance": "259901.2",
    "portfolio_value": 1422052,
    "Net_worth": 1681953.2
  },
  {
    "email": "droliaprarthana7705@gmail.com",
    "balance": "61470",
    "portfolio_value": 1475980,
    "Net_worth": 1537450
  },
  {
    "email": "adityagulavani05@gmail.com",
    "balance": "146866.2",
    "portfolio_value": 1538500,
    "Net_worth": 1685366.2
  },
  {
    "email": "aryansoni414@gmail.com",
    "balance": "168848.9",
    "portfolio_value": 1489579,
    "Net_worth": 1658427.9
  },
  {
    "email": "pratik.ag42@gmail.com",
    "balance": "1500000",
    "portfolio_value": 0,
    "Net_worth": 1500000
  },
  {
    "email": "adityagulavani05@gmail.com",
    "balance": "1500000",
    "portfolio_value": 0,
    "Net_worth": 1500000
  },
  {
    "email": "raghavgupta2117@gmail.com",
    "balance": "184482.5",
    "portfolio_value": 1511205,
    "Net_worth": 1695687.5
  },
  {
    "email": "kartikkumarinfo@gmail.com",
    "balance": "72829.4",
    "portfolio_value": 1485606,
    "Net_worth": 1558435.4
  },
  {
    "email": "aastha.goyal3105@gmail.com",
    "balance": "1358254.6",
    "portfolio_value": 141645,
    "Net_worth": 1499899.6
  },
  {
    "email": "adityagulavani05@gmail.com",
    "balance": "1500000",
    "portfolio_value": 0,
    "Net_worth": 1500000
  },
  {
    "email": "pandeykunal404@gmail.com",
    "balance": "1500000",
    "portfolio_value": 0,
    "Net_worth": 1500000
  },
  {
    "email": "adityagulavani05@gmail.com",
    "balance": "1500000",
    "portfolio_value": 0,
    "Net_worth": 1500000
  },
  {
    "email": "adityagulavani05@gmail.com",
    "balance": "1500000",
    "portfolio_value": 0,
    "Net_worth": 1500000
  },
  {
    "email": "kavyagupta.srcc@gmail.com",
    "balance": "1303229.1",
    "portfolio_value": 207662,
    "Net_worth": 1510891.1
  },
  {
    "email": "nishikasahani25@gmail.com",
    "balance": "1500000",
    "portfolio_value": 0,
    "Net_worth": 1500000
  },
  {
    "email": "aryansoni414@gmail.com",
    "balance": "1500000",
    "portfolio_value": 0,
    "Net_worth": 1500000
  },
  {
    "email": "yashikagarg7809@gmail.com",
    "balance": "940057",
    "portfolio_value": 628362,
    "Net_worth": 1568419
  },
  {
    "email": "raghavgupta2117@gmail.com",
    "balance": "1500000",
    "portfolio_value": 0,
    "Net_worth": 1500000
  },
  {
    "email": "aastha.goyal3105@gmail.com",
    "balance": "1500000",
    "portfolio_value": 0,
    "Net_worth": 1500000
  },
  {
    "email": "adityagulavani05@gmail.com",
    "balance": "1500000",
    "portfolio_value": 0,
    "Net_worth": 1500000
  },
  {
    "email": "bhatiakanika2132@gmail.com",
    "balance": "1311538.8",
    "portfolio_value": 194453,
    "Net_worth": 1505991.8
  },
  {
    "email": "aryannegislavic@gmail.com",
    "balance": "97150",
    "portfolio_value": 1440000,
    "Net_worth": 1537150
  },
  {
    "email": "yashikagarg7809@gmail.com",
    "balance": "1500000",
    "portfolio_value": 0,
    "Net_worth": 1500000
  },
  {
    "email": "rhardik1904@gmail.com",
    "balance": "521703.8",
    "portfolio_value": 1121622,
    "Net_worth": 1643325.8
  },
  {
    "email": "rjs1655@gmail.com",
    "balance": "45321.6",
    "portfolio_value": 1479208,
    "Net_worth": 1524529.6
  },
  {
    "email": "aggarwalsamarth5@gmail.com",
    "balance": "108056.4",
    "portfolio_value": 1480504,
    "Net_worth": 1588560.4
  },
  {
    "email": "harishkumar110075@gmail.com",
    "balance": "84358.2",
    "portfolio_value": 1545772,
    "Net_worth": 1630130.2
  },
  {
    "email": "ankesh.kr.gupta@gmail.com",
    "balance": "93176",
    "portfolio_value": 1484928,
    "Net_worth": 1578104
  },
  {
    "email": "vipin.45454545@gmail.com",
    "balance": "681650",
    "portfolio_value": 855500,
    "Net_worth": 1537150
  },
  {
    "email": "daiarinia@gmail.com",
    "balance": "209961.4",
    "portfolio_value": 1511693,
    "Net_worth": 1721654.4
  },
  {
    "email": "thimajareddy@gmail.com",
    "balance": "771387.5",
    "portfolio_value": 783430,
    "Net_worth": 1554817.5
  },
  {
    "email": "daiarinia@gmail.com",
    "balance": "1500000",
    "portfolio_value": 0,
    "Net_worth": 1500000
  },
  {
    "email": "amogharya05@gmail.com",
    "balance": "124954.3",
    "portfolio_value": 1473643,
    "Net_worth": 1598597.3
  },
  {
    "email": "nidhishdhoundiyal83@gmail.com",
    "balance": "1500000",
    "portfolio_value": 0,
    "Net_worth": 1500000
  },
  {
    "email": "khandelwalnaman2017@gmail.com",
    "balance": "134992",
    "portfolio_value": 1407600,
    "Net_worth": 1542592
  },
  {
    "email": "agarrag526@gmail.com",
    "balance": "887895.2",
    "portfolio_value": 638906,
    "Net_worth": 1526801.2
  },
  {
    "email": "jainriddhi1122@gmail.com",
    "balance": "495823.6",
    "portfolio_value": 1035930,
    "Net_worth": 1531753.6
  },
  {
    "email": "deepakbiswas748@gmail.com",
    "balance": "333317",
    "portfolio_value": 1279738,
    "Net_worth": 1613055
  },
  {
    "email": "deepakbiswas748@gmail.com",
    "balance": "1500000",
    "portfolio_value": 0,
    "Net_worth": 1500000
  },
  {
    "email": "rohitgenolia@gmail.com",
    "balance": "179084.59999999998",
    "portfolio_value": 1482800,
    "Net_worth": 1661884.6
  },
  {
    "email": "rohitgenolia@gmail.com",
    "balance": "1500000",
    "portfolio_value": 0,
    "Net_worth": 1500000
  },
  {
    "email": "niharika.negi117@gmail.com",
    "balance": "312651.5",
    "portfolio_value": 1221155,
    "Net_worth": 1533806.5
  },
  {
    "email": "anushkaswargam@gmail.com",
    "balance": "1297622.2",
    "portfolio_value": 217744,
    "Net_worth": 1515366.2
  },
  {
    "email": "gk8950091@gmail.com",
    "balance": "125842",
    "portfolio_value": 1467545,
    "Net_worth": 1593387
  },
  {
    "email": "raghavgupta2117@gmail.com",
    "balance": "1500000",
    "portfolio_value": 0,
    "Net_worth": 1500000
  },
  {
    "email": "niharika.negi117@gmail.com",
    "balance": "1500000",
    "portfolio_value": 0,
    "Net_worth": 1500000
  },
  {
    "email": "amogharya05@gmail.com",
    "balance": "1500000",
    "portfolio_value": 0,
    "Net_worth": 1500000
  },
  {
    "email": "jainriddhi1122@gmail.com",
    "balance": "1500000",
    "portfolio_value": 0,
    "Net_worth": 1500000
  },
  {
    "email": "abhigoel169@gmail.com",
    "balance": "1500000",
    "portfolio_value": 0,
    "Net_worth": 1500000
  },
  {
    "email": "daiarinia@gmail.com",
    "balance": "1500000",
    "portfolio_value": 0,
    "Net_worth": 1500000
  },
  {
    "email": "daiarinia@gmail.com",
    "balance": "1500000",
    "portfolio_value": 0,
    "Net_worth": 1500000
  },
  {
    "email": "daiarinia@gmail.com",
    "balance": "1500000",
    "portfolio_value": 0,
    "Net_worth": 1500000
  },
  {
    "email": "daiarinia@gmail.com",
    "balance": "1500000",
    "portfolio_value": 0,
    "Net_worth": 1500000
  },
  {
    "email": "daiarinia@gmail.com",
    "balance": "1500000",
    "portfolio_value": 0,
    "Net_worth": 1500000
  },
  {
    "email": "daiarinia@gmail.com",
    "balance": "1500000",
    "portfolio_value": 0,
    "Net_worth": 1500000
  },
  {
    "email": "daiarinia@gmail.com",
    "balance": "1500000",
    "portfolio_value": 0,
    "Net_worth": 1500000
  },
  {
    "email": "daiarinia@gmail.com",
    "balance": "1500000",
    "portfolio_value": 0,
    "Net_worth": 1500000
  },
  {
    "email": "daiarinia@gmail.com",
    "balance": "1500000",
    "portfolio_value": 0,
    "Net_worth": 1500000
  },
  {
    "email": "daiarinia@gmail.com",
    "balance": "1500000",
    "portfolio_value": 0,
    "Net_worth": 1500000
  },
  {
    "email": "daiarinia@gmail.com",
    "balance": "1500000",
    "portfolio_value": 0,
    "Net_worth": 1500000
  },
  {
    "email": "daiarinia@gmail.com",
    "balance": "1500000",
    "portfolio_value": 0,
    "Net_worth": 1500000
  },
  {
    "email": "daiarinia@gmail.com",
    "balance": "1500000",
    "portfolio_value": 0,
    "Net_worth": 1500000
  },
  {
    "email": "daiarinia@gmail.com",
    "balance": "1500000",
    "portfolio_value": 0,
    "Net_worth": 1500000
  },
  {
    "email": "daiarinia@gmail.com",
    "balance": "1500000",
    "portfolio_value": 0,
    "Net_worth": 1500000
  },
  {
    "email": "daiarinia@gmail.com",
    "balance": "1500000",
    "portfolio_value": 0,
    "Net_worth": 1500000
  }
]